Bank,Fund Name,Classification,Inception Date,Risk Classification,Currency,Min. Initial Participation,Min. Additional Participation,Min. Maintaining Balance,Min. Holding Period,Cut-Off Time for Redemption,Settlement Date (T + # of Days),Trust Fee Structure,Early Redemption Fee,Benchmark,Last Uploaded Date,Latest NAVpu
AB Capital,AB CAPITAL EQUITY FUND,Equity Funds,"Dec 4, 2006",Aggressive,PHP,"25,000","10,000","25,000","30 calendar 
			            days",12:00 PM,T + 3,1.25% PA,1.00% of the Principal,,"May 5, 2017",3.014225
AB Capital,AB CAPITAL BALANCED FUND,Balanced Funds,"Mar 20, 2013",Moderate,PHP,"25,000","10,000","25,000","30 calendar 
			            days",12:00 PM,T + 3,1.25% PA,1.00% of the Principal,,"May 5, 2017",1.004586
AB Capital,AB CAPITAL PREMIUM FUND,Long Term Bond Funds,"Nov 14, 2013",Aggressive,PHP,"50,000","25,000","50,000","90 calendar 
			            days",12:00 PM,T + 1,1.25% p.a.,1.00% OF THE PRINCIPAL,,"May 5, 2017",1.149377
AB Capital,AB CAPITAL SHORT-TERM FUND,Money - Market Funds,"Nov 28, 2013",Conservative,PHP,"50,000","25,000","50,000","0 calendar 
			            days",12:00 PM,T + 1,0.375% p.a.,NONE,,"May 5, 2017",1.045378
Asia United Bank,Peso Investment Trust Fund,Medium Term Bond Funds,"May 3, 2005",Moderate,PHP,"10,000","1,000","10,000","30 calendar 
			            days",12:00 PM,T + 1 day,1.25% per annum based on the Net Asset Value (NAV),0.50% of amount redeemed,5-yr PDST-R2,"May 5, 2017",217.24
Asia United Bank,Gold Dollar Fund,Medium Term Bond Funds,"May 3, 2005",Moderate,USD,"5,000","1,000","5,000","30 calendar 
			            days",12:00 PM,T + 1 day,1.75% per annum based on the Net Asset Value (NAV),0.50% of amount redeemed,5-year US Treasury Notes,"May 5, 2017",209.17
Asia United Bank,Equity Investment Trust Fund,Equity Funds,"May 4, 2006",Aggressive,PHP,"10,000","1,000","10,000","30 calendar 
			            days",12:00 PM,T + 3 days,1.25% per annum based on the Net Asset Value (NAV),0.50% of amount redeemed,90-day yield of the Philippine Stock Exchange Index (PSEi),"May 5, 2017",276.27
Asia United Bank,Peso Money Market Fund,Money - Market Funds,"Oct 30, 2013",Moderate,PHP,"10,000","1,000","10,000","30 calendar 
			            days",12:00 PM,T + 1 day,0.30% per annum based on the Net Asset Value (NAV),0.5% of amount redeemed,30 day Tbills,"May 5, 2017",105.08858
ATRAM Trust Corporation,ATRAM Emerging Markets Bond Feeder Fund,Long Term Bond Funds,"Nov 13, 2013",Moderate,USD,"1,000",500,"1,000","0 calendar 
			            days",03:00 PM,"Subscription: T + 1 business day, Redemption: T + 7 business days",0.65% p.a.,none,JP Morgan EMBI Global Index,"May 3, 2017",1.103974
ATRAM Trust Corporation,ATRAM Emerging Markets Equity Opportunity Feeder Fund,Equity Funds,"Nov 13, 2013",Aggressive,USD,"1,000",500,"1,000","0 calendar 
			            days",03:00 PM,"Subscription: T + 1 business day, Redemption: T + 7 business days",0.95% p.a.,none,MSCI Emerging Markets Index,"May 3, 2017",1.021293
ATRAM Trust Corporation,ATRAM Peso Money Market Fund,Money - Market Funds,"Dec 16, 2013",Conservative,PHP,"10,000","5,000","10,000","0 banking 
			            days",11:00 AM,T + 0,0.5% p.a.,None,30-day Philippine Special Savings Rate,"May 5, 2017",102.5572
ATRAM Trust Corporation,ATRAM Global Equity Opportunity Feeder Fund,Equity Funds,"Jul 28, 2014",Aggressive,USD,"1,000",500,"1,000","0 banking 
			            days",03:00 PM,"Subscription: T + 2 business days, Redemption: T + 7 business days",0.90% p.a.,none,MSCI World Index,"May 3, 2017",1.098326
ATRAM Trust Corporation,ATRAM Global Total Return Bond Feeder Fund,Long Term Bond Funds,"Jul 28, 2014",Moderate,USD,"1,000",500,"1,000","0 banking 
			            days",03:00 PM,"Subscription: T + 2 business days, Redemption: T + 7 business days",0.65% p.a.,none,Barclays Multiverse Index,"May 3, 2017",1.01701
ATRAM Trust Corporation,ATRAM Global Allocation Feeder Fund,Balanced Funds,"Jul 28, 2014",Aggressive,USD,"1,000",500,"1,000","0 banking 
			            days",03:00 PM,"Subscription: T + 2 business days, Redemption: T + 7 business days",0.90% p.a.,none,Custom: 36% S&P 500 Composite; 24% FTSE World (ex-US); 24% ML US Treasury Current 5 Year; 16% Citigroup Non-USD World Government Bond Index,"May 3, 2017",1.033242
ATRAM Trust Corporation,ATRAM Total Return Peso Bond Fund,Long Term Bond Funds,"Oct 28, 2014",Moderate,PHP,"10,000","5,000","10,000","30 calendar 
			            days",03:00 PM,"Subscription: T + 1 business day, Redemption: T + 2 business days",1.10% p.a.,1% of amount redeemed,Bloomberg Philippine Sovereign Bond Index (adjusted),"May 4, 2017",103.386236
ATRAM Trust Corporation,ATRAM European Equity Opportunity Feeder Fund,Equity Funds,"Feb 24, 2015",Aggressive,USD,"1,000",500,"1,000","0 calendar 
			            days",03:00 PM,"Subscription: T + 2 business days, Redemption: T + 7 business days",0.90% p.a.,none,MSCI Europe Net Index,"May 3, 2017",1.021073
ATRAM Trust Corporation,ATRAM US Equity Opportunity Feeder Fund,Equity Funds,"Oct 23, 2015",Aggressive,USD,"1,000",500,"1,000","0 calendar 
			            days",03:00 PM,"Subscription: T + 2 business days, Redemption: T + 7 business days",0.90% p.a.,none,Russel 3000 Growth Index,"May 3, 2017",1.091564
ATRAM Trust Corporation,ATRAM Philippine Equity Smart Index Fund,Equity Funds,"Mar 1, 2016",Aggressive,PHP,"1,000","1,000","1,000","0 calendar 
			            days",03:00 PM,T+3,1.50% p.a.,none,Philippine Stock Exchange index,"May 4, 2017",112.253557
ATRAM Trust Corporation,ATRAM Global Dividend Feeder Fund,Equity Funds,"May 10, 2016",Aggressive,PHP,"1,000","1,000","1,000","0 calendar 
			            days",03:00 PM,"Subscription: T + 2 business days, Redemption: T + 7 business days",0.90% p.a.,none,MSCI AC World Net Index,"May 3, 2017",114.348558
ATRAM Trust Corporation,ATRAM Asia Equity Opportunity Feeder Fund,Equity Funds,"Dec 8, 2016",Aggressive,PHP,"1,000","1,000","1,000","0 calendar 
			            days",03:00 PM,"Subscription: T + 2 business days, Redemption: T + 7 business days",0.95% p.a.,none,MSCI AC Asia Pacific ex Japan Net Index,"May 3, 2017",109.130565
Bank of Commerce,DIVERSITY PESO BOND FUND,Long Term Bond Funds,"Mar 10, 2005",Moderate,PHP,"10,000","5,000","10,000","30 calendar 
			            days",11:30 AM,1,1% p.a. based on the Net Asset Value (NAV) accrued daily,5% of the redeemed amount,5-year yield based on Philippine Dealing System Treasury Reference 2(PDST-R2),"May 4, 2017",1.533195
Bank of Commerce,DIVERSITY DOLLAR BOND FUND,Long Term Bond Funds,"Mar 11, 2005",Moderate,USD,"1,000",100,"1,000","30 calendar 
			            days",11:30 AM,1,1% p.a. based on the Net Asset value (NAV) accrued daily,5% of the redeemed amount,Bid price of 10-year Republic of the Philippines (ROP) Bonds from Bloomberg Generic (BGN) at the start of the quarter,"May 4, 2017",2.020758
Bank of Commerce,DIVERSITY MONEY MARKET FUND,Money - Market Funds,"Aug 16, 2013",Conservative,PHP,"10,000","5,000","10,000","30 calendar 
			            days",11:30 AM,T+1,0.25% p.a.,5% of the redeemed amount,Three-month yield based on the PDST-R2 at the start of the quarter,"May 4, 2017",1.04753
Bank of Commerce,DIVERSITY DIVIDEND FOCUSED FUND,Equity Funds,"Apr 8, 2015",Aggressive,PHP,"10,000","5,000","10,000","30 calendar 
			            days",11:30 AM,4,1.50% p.a. based on the Net Asset Value (NAV) accrued daily,5% of the redeemed amount,Stock Exchange Index (PSEi),"May 4, 2017",0.954434
"BDO Unibank, Inc.",BDO INSTITUTIONAL CASH RESERVE FUND,Money - Market Funds,"Nov 25, 2011",Moderate,PHP,0,0,0,"0 calendar 
			            days",11:30 AM,After 4:00 p.m. on the same banking day the notice of redemption is received (T + 0),None,None,Bloomberg Ave. 30-day Special Savings Rate,"May 5, 2017",112.1323
"BDO Unibank, Inc.",BDO MEDIUM TERM DOLLAR BOND FUND,Medium Term Bond Funds,"May 3, 2005",Moderate,USD,"2,000","2,000","2,000","30 calendar 
			            days",02:30 PM,Three (3) banking days after notice of redemption is received (T + 3),1.00% p.a.,1.00% of the Original Participation Amount,3-5 Years ROP Weighted Price Index (based on FMPH prices),"May 5, 2017",1.837
"BDO Unibank, Inc.",BDO MERIT FUND MEDIUM TERM PORTFOLIO,Medium Term Bond Funds,"May 6, 2010",Moderate,PHP,"1,000","1,000",0,"0 calendar 
			            days",02:30 PM,One (1) banking day after notice of redemption is received (T + 1),0.825% p.a.,None,iBoxx ALBI Philippines 1-5 (Domestic) Index,"May 5, 2017",148.209
"BDO Unibank, Inc.",BDO GS FUND,Medium Term Bond Funds,"May 3, 2005",Moderate,PHP,"100,000","100,000","100,000","30 calendar 
			            days",02:30 PM,One (1) banking day after notice of redemption is received (T + 1),1.00% p.a.,0.50% of the Original Participation Amount,iBoxx ALBI Philippines 1-5 (Domestic) Index,"May 5, 2017",191.0153
"BDO Unibank, Inc.",BDO MERIT FUND INTERMEDIATE TERM PORTFOLIO,Intermediate Term Bond Funds,"Dec 19, 2005",Moderate,PHP,"1,000","1,000",0,"0 calendar 
			            days",02:30 PM,One (1) banking day after notice of redemption is received (T + 1),0.825% p.a.,None,iBoxx ALBI Philippines 1-3 (Domestic) Index,"May 5, 2017",156.3302
"BDO Unibank, Inc.",BDO PESO BOND FUND,Medium Term Bond Funds,"Apr 29, 2005",Moderate,PHP,"10,000","10,000","10,000","30 calendar 
			            days",02:30 PM,One (1) banking day after notice of redemption is received (T + 1),1.00% p.a.,0.50% of the Original Participation Amount,iBoxx ALBI Philippines 1-5 (Domestic) Index,"May 5, 2017",1991.3938
"BDO Unibank, Inc.",BDO PESO MONEY MARKET FUND,Money - Market Funds,"Apr 1, 2005",Moderate,PHP,"100,000","100,000","100,000","0 calendar 
			            days",11:30 AM,After 4:00 p.m. on the same banking day the notice of redemption is received (T + 0),0.50% p.a.,None,91 Day T-Bill Rate,"May 5, 2017",1520.4286
"BDO Unibank, Inc.",BDO INSTITUTIONAL EQUITY FUND,Equity Funds,"Jun 15, 2005",Aggressive,PHP,"1,000","1,000",0,"30 calendar 
			            days",02:30 PM,Five (5) banking days after notice of redemption is received (T + 5),1.00% p.a.,0.50% of the Original Participation Amount,PSEi,"May 5, 2017",5025.0395
"BDO Unibank, Inc.",BDO EQUITY FUND,Equity Funds,"May 3, 2005",Aggressive,PHP,"10,000","10,000","10,000","30 calendar 
			            days",02:30 PM,Four (4) banking days after notice of redemption is received (T + 4),1.00% p.a.,1.00% of the Original Participation Amount,PSEi,"May 5, 2017",453.6072
"BDO Unibank, Inc.",BDO PESO BALANCED FUND,Balanced Funds,"Jul 3, 2003",Aggressive,PHP,"10,000","10,000","10,000","30 calendar 
			            days",02:30 PM,Four (4) banking days after notice of redemption is received (T + 4),1.00% p.a.,0.50% of the Original Participation Amount,50% PSEi and 50% iBoxx ALBI Philippines 1-5 (Domestic) Index,"May 5, 2017",3846.2109
"BDO Unibank, Inc.",BDO DOLLAR MONEY MARKET FUND,Money - Market Funds,"Apr 29, 2005",Moderate,USD,"2,000","2,000","2,000","30 calendar 
			            days",11:30 AM,After 4:00 p.m. on the same banking day the notice of redemption is received (T + 0),0.50% p.a.,0.50% of the Original Participation Amount,US Dollar Time Deposit Rate,"May 5, 2017",138.4613
"BDO Unibank, Inc.",BDO DOLLAR BOND FUND,Intermediate Term Bond Funds,"Apr 29, 2005",Moderate,USD,"2,000","2,000","2,000","30 calendar 
			            days",02:30 PM,Three (3) banking days after notice of redemption is received (T + 3),0.75% p.a.,0.50% of the Original Participation Amount,1-3 Years ROP Weighted Price Index (based on FMPH prices),"May 5, 2017",163.0388
"BDO Unibank, Inc.",BDO SUSTAINABLE DIVIDEND FUND,Equity Funds,"Oct 18, 2013",Aggressive,PHP,"10,000","10,000","10,000","30 calendar 
			            days",02:30 PM,Four (4) banking days after the notice of redemption is received (T + 4),1.25% p.a.,1.00% of the Original Participation Amount,PSEi,"May 5, 2017",133.39940000000001
"BDO Unibank, Inc.",BDO FOCUSED EQUITY FUND,Equity Funds,"Oct 18, 2013",Aggressive,PHP,"10,000","10,000","10,000","30 calendar 
			            days",02:30 PM,Four (4) banking days after the notice of redemption is received (T + 4),1.50% p.a.,1.00% of the Original Participation Amount,PSEi,"May 5, 2017",115.779
"BDO Unibank, Inc.",BDO DEVELOPED MARKETS PROPERTY INDEX FEEDER FUND,Equity Funds,"Apr 30, 2015",Aggressive,USD,"2,000","2,000","2,000","0 calendar 
			            days",04:00 PM,Five (5) banking days after redemption valuation date (T + 5),0.50% p.a.,0%,FTSE EPRA/NAREIT Developed Markets Index,"May 5, 2017",100.8952
"BDO Unibank, Inc.",BDO EQUITY INDEX FUND,Equity Funds,"Jul 10, 2015",Aggressive,PHP,"10,000","10,000","10,000","30 calendar 
			            days",02:30 PM,Four (4) banking days after notice of redemption is received (T + 4),1.00% p.a.,0.50% of the Original Participation Amount,PSEi,"May 5, 2017",104.7486
"BDO Unibank, Inc.",BDO CHINA EQUITY FEEDER FUND,Equity Funds,"Oct 29, 2015",Aggressive,USD,"2,000","2,000","2,000","0 calendar 
			            days",04:00 PM,Five (5) banking days after redemption valuation date (T + 5),1.00% p.a.,0%,80% MSCI China Index and 20% CSI 300 Index,"May 5, 2017",95.7746
"BDO Unibank, Inc.",BDO GLOBAL EQUITY SELECT FEEDER FUND,Equity Funds,"Nov 3, 2015",Aggressive,USD,"2,000","2,000","2,000","0 calendar 
			            days",04:00 PM,Five (5) banking days after redemption valuation date (T + 5),1.00% p.a.,0%,MSCI All-Country World Index (MSCI ACWI),"May 5, 2017",100.3784
"BDO Unibank, Inc.",BDO ESG EQUITY FUND,Equity Funds,"Dec 11, 2015",Aggressive,PHP,"10,000","10,000","10,000","30 calendar 
			            days",02:30 PM,Four (4) banking days after notice of redemption is received (T + 4),1.00% p.a.,1.00% of the Original Participation Amount,PSEi,"May 5, 2017",111.3301
"BDO Unibank, Inc.",BDO US EQUITY FEEDER FUND,Equity Funds,"Apr 18, 2016",Aggressive,USD,"2,000","2,000","2,000","0 calendar 
			            days",04:00 PM,Five (5) banking days after redemption valuation date (T + 5),1.00% p.a.,0%,Russell 3000 Growth Index,"May 5, 2017",114.2209
"BDO Unibank, Inc.",BDO PERA EQUITY INDEX FUND,Equity Funds,"Dec 22, 2016",Aggressive,PHP,"1,000","1,000","1,000","30 calendar 
			            days",02:30 PM,Four (4) banking days after notice of redemption is received (T + 4),1.00% p.a.,1.00% of the Original Participation Amount,PSEi,"May 5, 2017",116.295
BPI Asset Management and Trust Corporation,BPI Short Term Fund,Money - Market Funds,"Apr 4, 2005",Moderate,PHP,"10,000","1,000","10,000","0 calendar 
			            days",01:30 PM,T+0 (end of day),0.50% p.a.,None,91-day Treasury Bill net of tax,"May 4, 2017",142.96
BPI Asset Management and Trust Corporation,BPI Premium Bond Fund,Intermediate Term Bond Funds,"Apr 4, 2005",Moderate,PHP,"10,000","1,000","10,000","0 calendar 
			            days",12:00 PM,T+0 (end of day),1.50% p.a.,None,BPI Philippine Government Bond 1-3 Year Index,"May 4, 2017",177.96
BPI Asset Management and Trust Corporation,BPI Money Market Fund,Money - Market Funds,"Apr 4, 2005",Moderate,PHP,"10,000","1,000","10,000","0 calendar 
			            days",12:00 PM,T+0 (end-of-day),0.25% p.a.,None,"91-day Treasury Bill, net of tax","May 4, 2017",234.14
BPI Asset Management and Trust Corporation,ABF Philippines Bond Index Fund,Long Term Bond Funds,"Apr 21, 2005",Moderate,PHP,"10,000","1,000","10,000","0 calendar 
			            days",12:00 PM,T+1,0.080% p.a. Trust Fee / 0.186% p.a. Management and Advisory Fee,None,iBoxx Philippines Index,"May 4, 2017",215.28
BPI Asset Management and Trust Corporation,BPI Balanced Fund,Balanced Funds,"Apr 4, 2005",Aggressive,PHP,"10,000","1,000","10,000","0 calendar 
			            days",02:30 PM,T+3,1.50%  p.a.,None,"50% Philippine Stock Exchange Index (PSEi) and 50% return of the 91-day Treasury Bill, net of tax.","May 4, 2017",174.52
BPI Asset Management and Trust Corporation,BPI Equity Value Fund,Equity Funds,"Apr 4, 2005",Aggressive,PHP,"10,000","1,000","10,000","0 calendar 
			            days",02:30 PM,T+3,1.50% p.a.,None,Philippine Stock Exchange index (PSEi),"May 4, 2017",168.62
BPI Asset Management and Trust Corporation,BPI Global Bond Fund-of-Funds,Medium Term Bond Funds,"Nov 2, 1998",Moderate,USD,500,200,500,"0 calendar 
			            days",12:00 PM,T+7,0.75% p.a.,None,3-month U.S. Treasury Bill,"May 4, 2017",167.3
BPI Asset Management and Trust Corporation,BPI U.S. Dollar Short Term Fund,Money - Market Funds,"Aug 30, 1994",Moderate,USD,500,200,500,"0 calendar 
			            days",12:00 PM,T+0 (end-of-day),0.50% p.a.,None,3-month U.S. Treasury Bill,"May 4, 2017",296.14
BPI Asset Management and Trust Corporation,Philippine Dollar Bond Index Fund,Long Term Bond Funds,"Dec 31, 2006",Aggressive,USD,500,200,500,"0 calendar 
			            days",12:00 PM,T+3,0.25%  p.a.,None,JPMorgan Asia Credit Philippines Total Return Index,"May 4, 2017",207.7
BPI Asset Management and Trust Corporation,BPI Global Equity Fund-of-Funds,Equity Funds,"Aug 30, 1994",Aggressive,USD,500,200,500,"0 calendar 
			            days",02:00 PM,T+7,1.50% p.a.,None,Morgan Stanley Capital International (MSCI) World Index (USD),"May 4, 2017",312.35
BPI Asset Management and Trust Corporation,Odyssey Peso Medium Term Bond Fund,Medium Term Bond Funds,"Oct 1, 2007",Moderate,PHP,"10,000","5,000","10,000","0 calendar 
			            days",02:00 PM,T+1,1.00% p.a.,None,BPI Philippine Government Bond 1-5 Year Index,"May 4, 2017",125.06
BPI Asset Management and Trust Corporation,Odyssey Peso Bond Fund,Long Term Bond Funds,"May 5, 2003",Aggressive,PHP,"10,000","5,000","10,000","0 calendar 
			            days",02:00 PM,T+1,1.00% p.a.,None,BPI Philippine Government Bond Index,"May 4, 2017",267.62
BPI Asset Management and Trust Corporation,Odyssey Diversified Capital Fund,Balanced Funds,"Dec 4, 2006",Aggressive,PHP,"10,000","5,000","10,000","0 calendar 
			            days",02:30 PM,T+3,1.50% p.a.,None,"70% BPI Philippine Government Bond Index
30% Philippine Stock Exchange Index","May 4, 2017",174.78
BPI Asset Management and Trust Corporation,Odyssey Diversified Balanced Fund,Balanced Funds,"May 12, 2006",Aggressive,PHP,"10,000","5,000","10,000","0 calendar 
			            days",02:30 PM,T+3,1.50% p.a.,None,"50% BPI Philippine Government Bond Index 
50% Philippine Stock Exchange Index","May 4, 2017",194.9
BPI Asset Management and Trust Corporation,Odyssey Philippine Equity Fund,Equity Funds,"May 5, 2003",Aggressive,PHP,"10,000","5,000","10,000","0 calendar 
			            days",02:30 PM,T+3,2.00% p.a.,None,Philippine Stock Exchange Index (PSEi),"May 4, 2017",464.82
BPI Asset Management and Trust Corporation,Odyssey High Conviction Equity Fund,Equity Funds,"Feb 1, 2007",Aggressive,PHP,"10,000","5,000","10,000","0 calendar 
			            days",02:30 PM,T+3,2.50% p.a.,None,Philippine Stock Exchange Index (PSEi),"May 4, 2017",146.65
BPI Asset Management and Trust Corporation,Odyssey Philippine Dollar Bond Fund,Long Term Bond Funds,"May 5, 2003",Aggressive,USD,"1,000",100,"1,000","0 calendar 
			            days",02:00 PM,T+3,1.25% p.a.,None,JP Morgan Chase Asia Total Return Philippines Index,"May 4, 2017",27.25
BPI Asset Management and Trust Corporation,Odyssey Asia Pacific High Dividend Equity Fund,Equity Funds,"May 20, 2008",Aggressive,USD,"5,000","1,000","5,000","0 calendar 
			            days",02:00 PM,T+6,1.75% p.a.,None,MSCI AC Asia Pacific ex-Japan Total Return Index,"May 4, 2017",10.61
BPI Asset Management and Trust Corporation,Odyssey Tax-Exempt Peso Fixed Income Fund,Long Term Bond Funds,"Jan 6, 2004",Aggressive,PHP,"100,000","50,000","100,000","0 calendar 
			            days",02:00 PM,T+1,1.00% p.a.,None,BPI Philippine Government Bond Index,"May 4, 2017",283.13
BPI Asset Management and Trust Corporation,BPI Philippine Equity Index Fund,Equity Funds,"May 20, 2013",Aggressive,PHP,"10,000","1,000","10,000","0 calendar 
			            days",02:30 PM,T+3,1.50% p.a.,None,Philippine Stock Exchange index (PSEi),"May 4, 2017",104.22
BPI Asset Management and Trust Corporation,Odyssey Tax-Exempt Philippine Equity Fund,Equity Funds,"Jan 6, 2004",Aggressive,PHP,"100,000","50,000","100,000","0 calendar 
			            days",02:30 PM,T+3,2.00% p.a.,None,Philippine Stock Exchange index (PSEi),"May 4, 2017",381.01
BPI Asset Management and Trust Corporation,BPI Philippine High Dividend Equity Fund,Equity Funds,"Aug 16, 2013",Aggressive,PHP,"10,000","1,000","10,000","0 calendar 
			            days",02:30 PM,T+3,1.50% p.a.,None,Philippine Stock Exchange index (PSEi),"May 4, 2017",131.54
BPI Asset Management and Trust Corporation,BPI US Equity Index Feeder Fund,Equity Funds,"Aug 5, 2014",Aggressive,USD,"1,000",500,"1,000","0 calendar 
			            days",02:00 PM,T+7,0.75% p.a.,None,S&P® 500 Index,"May 4, 2017",125.81
BPI Asset Management and Trust Corporation,BPI European Equity Feeder Fund,Equity Funds,"Aug 5, 2014",Aggressive,USD,"1,000",500,"1,000","0 calendar 
			            days",02:00 PM,T+7,0.75% p.a.,None,MSCI Europe Index,"May 4, 2017",100.8
BPI Asset Management and Trust Corporation,BPI Fixed Income Portfolio Fund-of-Funds,Long Term Bond Funds,"Sep 1, 2016",Aggressive,PHP,"1,000,000","10,000","1,000,000","0 calendar 
			            days",12:00 PM,T+3,None: trust fees are collected at the Target Fund level.,None,BPI Philippine Government Bond Index,"May 4, 2017",95.79
BPI Asset Management and Trust Corporation,BPI Philippine Infrastructure Equity Index Fund,Equity Funds,"Jan 16, 2017",Aggressive,PHP,"10,000","1,000","10,000","0 calendar 
			            days",02:30 PM,T+0,1.50% p.a.,None,BPI Philippine Infrastructure Equity Index,"May 4, 2017",108.44
BPI Asset Management and Trust Corporation,BPI Philippine Consumer Equity Index Fund,Equity Funds,"Jan 16, 2017",Aggressive,PHP,"10,000","1,000","10,000","0 calendar 
			            days",02:30 PM,T+0,1.50%,None,BPI Philippine Consumer Equity Index,"May 4, 2017",107.77
China Banking Corporation,CBC GS FUND,Long Term Bond Funds,"Mar 24, 2006",Moderate,PHP,"50,000","10,000","50,000","30 calendar 
			            days",12:00 PM,T + 1,1.0% per annum based on the Net Asset Value (NAV) of the Fund before trust fee for the day,1.0% of the amount redeemed,The appropriate Philippine Dealing Exchange (PDEX) average PDST (R2) rate corresponding to the actual average,"May 5, 2017",1.567228
China Banking Corporation,CBC MONEY MARKET FUND,Money - Market Funds,"Mar 20, 2009",Conservative,PHP,"50,000","10,000","50,000","3 banking 
			            days",12:00 PM,T + 1,0.25% per annum based on the Net Asset Value (NAV) of the Fund before trust fee for the day,1.0% of the amount redeemed,The appropriate Philippine Dealing Exchange (PDEX) average PDST (R2) rate corresponding to the actual average duration of the Funds investments,"May 5, 2017",1.19409
China Banking Corporation,CBC DOLLAR FUND,Long Term Bond Funds,"Sep 9, 2005",Moderate,USD,"2,000","1,000","2,000","30 calendar 
			            days",12:00 PM,T + 3,0.75% per annum based on the Net Asset Value (NAV) of the Fund before trust fee for the day,1.50% p.a. of the amount redeemed if redemption is made during the first half of the minimum holding period; 1.0% p.a. of the amount redeemed if redemption is made during the second half of the minimum holding period or a flat amount of $25.00 whichever i,"The appropriate HSBC Asian US Dollar Bond Index, Philippine Total Return.","May 5, 2017",1.727502
China Banking Corporation,CBC BALANCED FUND,Balanced Funds,"Feb 18, 2011",Moderate,PHP,"50,000","10,000","50,000","30 calendar 
			            days",12:00 PM,T + 3,1.0% per annum based on the Net Asset Value (NAV) of the Fund before trust fee for the day,1.0% of the amount redeemed,The weighted average return of the appropriate Philippine Dealing Exchange (PDEX) average PDST (R2) corresponding to the actual average duration of the fixed-income component of the Fund and the PSE Index (PSEi) for the equity portion.,"May 5, 2017",1.564207
China Banking Corporation,CBC EQUITY FUND,Equity Funds,"Jun 11, 2013",Aggressive,PHP,"50,000","10,000","50,000","30 calendar 
			            days",12:00 PM,T+3,1.0% based on NAV before trust fee for the day,1.0% of redemption proceeds,PSEi for equity portion PDSS - 1 month index for fixed income component,"May 5, 2017",1.292548
China Banking Corporation,China Bank Institutional Money Market Fund,Money - Market Funds,"Jun 26, 2015",Moderate,PHP,"5,000,000","100,000","5,000,000","3 banking 
			            days",12:00 PM,T+0,0.15%p.a. based on the Net Asset Value (NAV) of the Fund before trust fee for the day,1.0% of the amount redeemed,Appropriate Philippine Dealing Exchange (PDEX) 30-day PDST (R2) rate,"May 5, 2017",1.031335
China Banking Corporation,CBC SHORT-TERM FUND,Money - Market Funds,"May 22, 2014",Moderate,PHP,"50,000","10,000","50,000","3 banking 
			            days",12:00 PM,T + 1,0.25% per annum based on the Net Asset Value (ANV) of the Fund before trust fee for the day,1.0% of the amount redeemed,The appropriate Philippine Dealing Exchange (PDEX) average PDST(R2) rate corresponding to the actual average duration of the Fund\'s investments.,"May 5, 2017",1.060252
China Banking Corporation,CBC INTERMEDIATE FIXED-INCOME FUND,Intermediate Term Bond Funds,"May 22, 2014",Moderate,PHP,"50,000","10,000","50,000","30 calendar 
			            days",12:00 PM,T + 1,0.50% per annum based on the Net Asset Value (NAV) of the Fund before trust fee for the day,1.0% of the amount redeemed,The appropriate Philippine Dealing Exchange (PDEX) average PDST (R2) rate corresponding to the actual average duration of the Fund\'s investments.,"May 5, 2017",1.055669
China Banking Corporation,China Bank High Dividend Equity Fund,Equity Funds,"Jun 26, 2015",Aggressive,PHP,"50,000","10,000","50,000","30 calendar 
			            days",12:00 PM,T+3,1.0% per annum based on the Net Asset Value (NAV) of the Fund before trust fee for the day,1.0% of the amount redeemed,"The weighted average return of the Philippine Stock Exchange Index (PSEi) and the Philippine Dealing Exchange (PDEX) 30-day PDST (RS) rate for the fixed-income portion, if any.","May 5, 2017",1.142663
CTBC Bank (Philippines) Corp.,CTBC Money Market Fund,Money - Market Funds,"Oct 30, 2013",Conservative,PHP,"10,000","10,000","10,000","30 calendar 
			            days",11:00 AM,T + 1,0.25%,0.50%,,"May 4, 2017",1.0488
Development Bank of the Philippines,UNLAD PAMAHALAAN GS MONEY MARKET FUND,Money - Market Funds,"Sep 1, 2014",Conservative,PHP,"100,000,000","1,000,000","100,000,000","0 calendar 
			            days",11:30 AM,T+1,0.075% p.a.,None,Philippine 30-Day Average Special Savings Account Rate,"May 3, 2017",1.045169
Development Bank of the Philippines,UNLAD KAWANI MONEY MARKET FUND,Money - Market Funds,"Sep 12, 2014",Conservative,PHP,25,25,25,"0 calendar 
			            days",11:00 AM,T+0,0.05% p.a.,None,Philippine 30-Day Average Special Savings Account Rate,"May 3, 2017",1.047418
Development Bank of the Philippines,UNLAD PRIBADONG INSTITUSYON MONEY MARKET FUND,Money - Market Funds,"May 11, 2015",Conservative,PHP,"100,000,000","1,000,000","100,000,000","0 calendar 
			            days",11:30 AM,T+1,0.075% p.a.,None,Philippine 30-Day Average Special Savings Account Rate,"May 3, 2017",1.034697
Development Bank of the Philippines,CLASS I - UNLAD PANIMULA MM FUND,Money - Market Funds,"Jun 14, 2016",Conservative,PHP,"1,000,000","100,000","1,000,000","0 calendar 
			            days",11:30 AM,T+1,.15% p.a.,None,Philippine 30-Day Average Special Savings Account Rate,"May 3, 2017",1.014942
Development Bank of the Philippines,CLASS II - UNLAD PANIMULA MM FUND,Money - Market Funds,"Jun 14, 2016",Conservative,PHP,"100,000","10,000","100,000","0 calendar 
			            days",11:30 AM,T+1,.25% p.a.,None,Philippine 30-Day Average Special Savings Account Rate,"May 3, 2017",1.013858
Development Bank of the Philippines,CLASS III - UNLAD PANIMULA MM FUND,Money - Market Funds,"Jun 14, 2016",Conservative,PHP,"10,000","1,000","10,000","0 calendar 
			            days",11:30 AM,T+1,.30% p.a.,None,Philippine 30-Day Average Special Savings Account Rate,"May 3, 2017",1.013232
EastWest Banking Corporation,EastWest Dollar Intermediate Term Bond Fund,Intermediate Term Bond Funds,"Mar 18, 2005",Moderate,USD,"2,000",200,"2,000","30 calendar 
			            days",12:00 PM,T+3,0.50% p.a. of the market value of the fund,"$10.00 or 0.25% of the withdrawn amount, whichever is higher",25% Bloomberg USD Emerging Market Philippines Sovereign Bond Index + 75% Average Philippine USD Savings Deposit Rate.,"May 5, 2017",131.8201
EastWest Banking Corporation,EastWest Peso Long Term Bond Fund,Long Term Bond Funds,"Mar 1, 2007",Moderate,PHP,"50,000","1,000","50,000","180 calendar 
			            days",12:00 PM,T+1,1.0% p.a. of the market value of the fund,"PHP 500.00 or 0.25% of the withdrawn amount, whichever is higher","Bloomberg Philippine Sovereign Bond Index AI, Adjusted.","May 5, 2017",1425.0001
EastWest Banking Corporation,EastWest Peso Intermediate Term Bond Fund,Intermediate Term Bond Funds,"Feb 18, 2005",Moderate,PHP,"10,000","1,000","10,000","30 calendar 
			            days",12:00 PM,T+1,1% p.a. of the market value of the fund,"PHP 500.00 or 0.25% of the withdrawn amount, whichever is higher","Bloomberg Philippine Sovereign Bond Index 1-3 Year, Adjusted.","May 5, 2017",1843.5267
EastWest Banking Corporation,EastWest Peso Money Market Fund,Money - Market Funds,"Mar 1, 2007",Conservative,PHP,"10,000","1,000","10,000","0 calendar 
			            days",12:00 PM,T+1,0.25% p.a. of the market value of the fund,None,3-month Philippine Dealing System Treasury Interpolated Rate PM (PDSI-R2),"May 5, 2017",1278.6903
EastWest Banking Corporation,EastWest PhilEquity Feeder Fund,Equity Funds,"Oct 29, 2014",Aggressive,PHP,"10,000","1,000","10,000","30 calendar 
			            days",12:00 PM,T+4,0.25% per annum,PHP500 or 0.25% of the redemption proceeds whichever is higher,Philippine Stock Exchange Index,"May 5, 2017",1023.8938
EastWest Banking Corporation,EastWest PhilEquity Institutional Feeder Fund,Equity Funds,"Sep 22, 2014",Aggressive,PHP,0,0,0,"0 calendar 
			            days",12:00 PM,T+3,Fee is charged at the portfolio level,0,Philippine Stock Exchange Index,"May 5, 2017",1007.8155
EastWest Banking Corporation,EastWest PSEI Tracker Fund,Equity Funds,"Dec 1, 2015",Aggressive,PHP,"10,000","1,000","10,000","30 calendar 
			            days",12:00 PM,T+4,0.75% p.a of the market value of the fund,"P500.00 or 0.25% of redemption proceeds, whichever is higher",Philippine Stock Exchange Index,"May 5, 2017",109.9901
EastWest Banking Corporation,East West Peso Short Term Fund,Money - Market Funds,"Jun 21, 2016",Moderate,PHP,"10,000","1,000","10,000","0 calendar 
			            days",12:00 PM,T+1,0.25% p.a of the market value of the fund,Not applicable,"Bloomberg Philippine Sovereign Bond Index Money Market, Adjusted.","May 5, 2017",100.7996
LandBank of the Philippines,LANDBANK Bond Fund,Long Term Bond Funds,"Mar 13, 2006",Moderate,PHP,"5,000","1,000","5,000","30 calendar 
			            days",12:00 PM,T + 0,1.00%,25% of net earnings (P500 minimum),"Percentage change in the Bloomberg Government Bond Index AI*  (All in) or, in its absence, any relevant and industry-accepted benchmark

*Priced using PDExs (Philippine Dealing Exchange Corporation) PDSS-R2","May 3, 2017",1.558955
LandBank of the Philippines,LANDBANK Growth Fund,Balanced Funds,"Mar 24, 2006",Aggressive,PHP,"5,000","1,000","5,000","30 calendar 
			            days",12:00 PM,T + 3,1.25%,25% of net earnings (P500 minimum),"Simple average of the percentage change in the following indices 

a. Bloomberg Government Bond Index AI (All in)*; and 
b. Closing Philippine Stock Exchange Index (PSEi) 

*Priced using PDExs (Philippine Dealing Exchange Corporation) PDSS-R2","May 3, 2017",2.330141
LandBank of the Philippines,LANDBANK Global $ Fund,Long Term Bond Funds,"Mar 13, 2006",Moderate,USD,"1,000",200,"1,000","30 calendar 
			            days",12:00 PM,T+3,0.50%,25% of net earnings ($10.00 minimum),Average of the daily one-year ROP rates,"May 3, 2017",1.340177
LandBank of the Philippines,LANDBANK Money Market Fund,Money - Market Funds,"Mar 27, 2012",Conservative,PHP,"5,000","1,000","5,000","7 calendar 
			            days",12:00 PM,T + 0,0.20%,25% of net earnings (P500 minimum),"Percentage change in the Bloomberg Philippine Sovereign Bond Index Money Market*  or, in its absence, any relevant and industry-accepted benchmark

*Priced using PDExs (Philippine Dealing Exchange Corporation) PDSS-R2","May 3, 2017",1.080124
LandBank of the Philippines,LANDBANK Money Market Plus Fund,Money - Market Funds,"Aug 1, 2016",Moderate,PHP,"5,000","1,000","5,000","30 calendar 
			            days",12:00 PM,T+0,0.50%,25% of net earnings (P500 minimum),"Percentage change in the Bloomberg Philippine Sovereign Bond Index Money Market*  or, in its absence, any relevant and industry-accepted benchmark

*Priced using PDExs (Philippine Dealing Exchange Corporation) PDSS-R2","May 3, 2017",1.007173
LandBank of the Philippines,LANDBANK Equity Index Fund,Equity Funds,"Aug 1, 2016",Aggressive,PHP,"5,000","1,000","5,000","30 calendar 
			            days",12:00 PM,T+3,1.50%,25% of net earnings (P500 minimum),"Percentage change of the closing PSEi, or in its absence, any available relevant or similar benchmark","May 3, 2017",1.010664
Metropolitan Bank & Trust Co.,Metro Money Market Fund,Money - Market Funds,"Apr 4, 2005",Conservative,PHP,"50,000","25,000","50,000","7 calendar 
			            days",12:00 PM,T+0,0.50% p.a.,50% of income,Philippine 30-day Special Savings Rate Gen. Average (net of taxes),"May 5, 2017",1.572891
Metropolitan Bank & Trust Co.,Metro Max-3 Bond Fund,Intermediate Term Bond Funds,"Apr 8, 2005",Moderate,PHP,"50,000","25,000","50,000","30 calendar 
			            days",12:00 PM,T+1,1.0% p.a.,50% of income,"80% Bloomberg Philippine Sovereign Bond Index 1-3 year (BPHIL13), Adjusted and 20% Philippine 30-day Special Savings Rate Gen. Average Rate (net of taxes)","May 5, 2017",1.835064
Metropolitan Bank & Trust Co.,Metro Wealth Builder Fund,Intermediate Term Bond Funds,"Apr 26, 2005",Moderate,PHP,"5,000","1,500","5,000","90 calendar 
			            days",12:00 PM,T+1,2.5% p.a.,50% of income,"80% Bloomberg Philippine Sovereign Bond Index 1-3 year (BPHIL13), Adjusted and 20% Philippine 30-day Special Savings Rate Gen. Average Rate (net of taxes)","May 5, 2017",1.639566
Metropolitan Bank & Trust Co.,Metro Max-5 Bond Fund,Medium Term Bond Funds,"Apr 6, 2005",Moderate,PHP,"50,000","25,000","50,000","30 calendar 
			            days",12:00 PM,T+1,1.5% p.a.,50% of income,"80% Bloomberg Philippine Sovereign Bond Index 1-5 year (BPHIL15), Adjusted and 20% Philippine 30-day Special Savings Rate Gen. Average Rate (net of taxes)","May 5, 2017",1.82475
Metropolitan Bank & Trust Co.,Metro Balanced Fund,Balanced Funds,"Apr 8, 2005",Aggressive,PHP,"25,000","25,000","25,000","30 calendar 
			            days",12:00 PM,T+1,2.0% p.a.,50% of income,"60% Philippine Stock Exchange Index (PSEi) and 40% Bloomberg Philippine Sovereign Bond Index 1-5 year (BPHIL15), Adjusted","May 5, 2017",3.330041
Metropolitan Bank & Trust Co.,Metro Equity Fund,Equity Funds,"Mar 1, 2007",Aggressive,PHP,"25,000","25,000","25,000","30 calendar 
			            days",12:00 PM,T+3,2.0% p.a.,50% of income,Philippine Stock Exchange index (PSEi ),"May 5, 2017",2.656195
Metropolitan Bank & Trust Co.,Metro$ Money Market Fund,Money - Market Funds,"Mar 1, 2007",Moderate,USD,"2,000","1,000","2,000","30 calendar 
			            days",12:00 PM,T+1,1.0% p.a.,50% of income,3-Mo. US Treasury Bill yield (net of tax),"May 5, 2017",1.304092
Metropolitan Bank & Trust Co.,Metro$ Max-3 Bond Fund,Intermediate Term Bond Funds,"Apr 5, 2005",Moderate,USD,"2,000","1,000","2,000","30 calendar 
			            days",12:00 PM,T+1,1.5% p.a.,50% of income,35% JP Morgan Asian Credit Index Total Return (JACIPHTR) and 65% Philippine Dollar Deposit Rate Savings Deposit (PPSDUS$),"May 5, 2017",1.653792
Metropolitan Bank & Trust Co.,Metro$ Max-5 Bond Fund,Medium Term Bond Funds,"Apr 28, 2005",Moderate,USD,"2,000","1,000","2,000","30 calendar 
			            days",12:00 PM,T+1,1.5% p.a.,50% of income,60% JP Morgan Asian Credit Index Total Return (JACIPHTR) and 40% Philippine Dollar Deposit Rate Savings Deposit (PPSDUS$),"May 5, 2017",1.9267
Metropolitan Bank & Trust Co.,Metro Aspire Bond Feeder Fund,Medium Term Bond Funds,"Aug 27, 2015",Moderate,PHP,"5,000","1,000","5,000","0 calendar 
			            days",12:00 PM,T + 1,None,None,"80% Bloomberg Philippine Sovereign Bond Index 1-5 year (BPHIL15), Adjusted and 20% Philippine 30-day Special Savings Rate Gen. Average Rate (net of taxes)","May 5, 2017",0.998632
Metropolitan Bank & Trust Co.,Metro High Dividend Yield Fund,Equity Funds,"Oct 10, 2014",Aggressive,PHP,"25,000","25,000","25,000","30 calendar 
			            days",12:00 PM,T+3,2% p.a.,1.0% of redeemed amount,PSEi,"May 5, 2017",1.050295
Metropolitan Bank & Trust Co.,Metro PSEi Tracker Fund,Equity Funds,"Oct 10, 2014",Aggressive,PHP,"25,000","25,000","25,000","30 calendar 
			            days",12:00 PM,T+3,1.0% p.a.,1.0% of amount redeemed,PSEi,"May 5, 2017",1.099917
Metropolitan Bank & Trust Co.,Metro Aspire Balanced Feeder Funds,Balanced Funds,"Aug 27, 2015",Aggressive,PHP,"5,000","1,000","5,000","0 calendar 
			            days",12:00 PM,T + 1,None,None,"60% Philippine Stock Exchange Index (PSEi) and 40% Bloomberg Philippine Sovereign Bond Index 1-5 year (BPHIL15), Adjusted","May 5, 2017",1.024673
Metropolitan Bank & Trust Co.,Metro Aspire Equity Feeder Fund,Equity Funds,"Aug 27, 2015",Aggressive,PHP,"5,000","1,000","5,000","0 calendar 
			            days",12:00 PM,T + 3,None,None,PSEi,"May 5, 2017",1.112554
Metropolitan Bank & Trust Co.,Metro World Equity Feeder Fund,Equity Funds,"Sep 21, 2016",Aggressive,USD,"2,000","1,000","2,000","30 calendar 
			            days",12:00 PM,4,1.0% p.a.,0.10% of redeemed amount,Morgan Stanley Capital International All Country World Daily Index (MSCI AC World Daily),"May 4, 2017",1.116341
Metropolitan Bank & Trust Co.,Metro Corporate Bond Fund,Long Term Bond Funds,"Nov 23, 2016",Moderate,PHP,"50,000","25,000","50,000","30 calendar 
			            days",12:00 PM,T+3,0.75% p.a.,50% of income,80% BPI Philippine Corporate Bond Index and 20% Philippine 30-day Special.,"May 5, 2017",0.992454
Metropolitan Bank & Trust Co.,Metro Short Term Fund,Money - Market Funds,"Mar 15, 2017",Moderate,PHP,"25,000","10,000","25,000","7 calendar 
			            days",12:00 PM,End of Day,0.50% p.a.,50% of income earned,"75% Bloomberg Philippine 30-day Special Savings Rate General Average (net of taxes) and
25% Bloomberg Philippine Sovereign Bond Index Money Market, Adjusted","May 5, 2017",1.002702
Philippine Bank of Communications,SIGNATURE TRUST FUND,Money - Market Funds,"Aug 4, 2005",Conservative,PHP,"10,000","10,000","10,000","30 calendar 
			            days",11:00 AM,Next banking day,0.5% p.a.,0.125% of redemption value,91-day T-Bills,"May 7, 2017",147.1587
Philippine Bank of Communications,VALUE EQUITY FUND,Equity Funds,"Dec 8, 2010",Aggressive,PHP,"10,000","10,000","10,000","90 calendar 
			            days",11:00 AM,T+3,1.5% p.a.,0.25% of redemption value,PSE,"May 7, 2017",147.0131
Philippine Bank of Communications,BEST BALANCED FUND,Balanced Funds,"Dec 8, 2010",Moderate,PHP,"10,000","10,000","10,000","90 calendar 
			            days",11:00 AM,T+3,1.5% p.a.,0.25% of redemption value,PSE/PDSTF,"May 7, 2017",128.1158
Philippine Business Bank,Diamond Fund,Medium Term Bond Funds,"Nov 14, 2005",Moderate,PHP,0,0,0,"30 calendar 
			            days",12:01 PM,T + 1,0.50% p.a.,"75% of earnings (15 days), 50% of earnings ( 16-29 days)",None,"May 4, 2017",189.87807
Philippine National Bank,PNB PRIME PESO MONEY MARKET FUND,Money - Market Funds,"Sep 27, 2010",Conservative,PHP,"10,000","10,000","10,000","5 banking 
			            days",11:00 AM,T+1,0.50% p.a.,50% of Income Earned,"Moving Average of the Philippines 30 Day Special Savings Rate General Average, net of taxes","May 5, 2017",1.146368
Philippine National Bank,PNB PRESTIGE BALANCED FUND,Balanced Funds,"Sep 8, 2010",Aggressive,PHP,"10,000","10,000","10,000","30 calendar 
			            days",11:00 AM,T+3,1.25% p.a.,50% of Income Earned,"50% Philippine Stock Exchange Index (PSEi) and 50% Bloomberg Philippine Sovereign Bond Index Money Market, Adjusted.","May 5, 2017",1.458845
Philippine National Bank,PNB GLOBAL FILIPINO PESO MONEY MARKET FUND,Money - Market Funds,"Jan 11, 2006",Conservative,PHP,"5,000","5,000","5,000","5 banking 
			            days",11:00 AM,T+1,0.50% p.a.,50% of Income Earned,"Moving Average of the Philippines 30 Day Special Savings Rate General Average, net of taxes","May 5, 2017",1.30563
Philippine National Bank,PNB PROFIT DOLLAR INTERMEDIATE TERM BOND FUND,Intermediate Term Bond Funds,"Oct 3, 2005",Moderate,USD,"1,000","1,000","1,000","30 calendar 
			            days",11:00 AM,T+1,1.00% p.a.,50% of Income Earned,Moving Average of the yield of a three year ROP instrument,"May 5, 2017",1.433132
Philippine National Bank,PNB GLOBAL FILIPINO DOLLAR MONEY MARKET FUND,Money - Market Funds,"Dec 23, 2005",Conservative,USD,100,100,100,"30 calendar 
			            days",11:00 AM,T+1,0.50% p.a.,50% of Income Earned,"Moving Average of the Average One Month TD Rate Quoted by 3 Banks, net of taxes","May 5, 2017",1.241514
Philippine National Bank,PNB ENHANCED PHIL-INDEX REFERENCE FUND,Equity Funds,"Sep 8, 2010",Aggressive,PHP,"10,000","10,000","10,000","30 calendar 
			            days",11:00 AM,T+3,2.00% p.a.,50% of Income Earned,100% Philippine Stock Exchange Index,"May 5, 2017",1.824577
Philippine National Bank,PNB DREAM BUILDER MONEY MARKET FUND,Money - Market Funds,"Dec 3, 2008",Conservative,PHP,"2,000","2,000","2,000","30 calendar 
			            days",11:00 AM,T+1,0.5% p.a. of fund value,50% of Income Earned,"Moving average of the Philippines\' 30 Day Special Savings Rate General Average, net of taxes","May 5, 2017",1.187313
Philippine National Bank,PNB PRIME DOLLAR MONEY MARKET FUND,Money - Market Funds,"Mar 7, 2011",Conservative,USD,500,500,500,"30 calendar 
			            days",11:00 AM,T+1,0.5% p.a.,50% of Income Earned,"Moving Average of the Average One Month TD Rate Quoted by 3 Banks, net of taxes","May 5, 2017",1.067741
Philippine National Bank,PNB HIGH DIVIDEND FUND,Equity Funds,"Jun 15, 2012",Aggressive,PHP,"10,000","10,000","10,000","30 calendar 
			            days",11:00 AM,T+3,2.00% p.a.,50% of Income Earned,100% Philippine Stock Exchange Index,"May 5, 2017",1.476379
Philippine National Bank,PNB PESO INTERMEDIATE TERM BOND FUND (formerly AUP GS FUND),Intermediate Term Bond Funds,"Feb 16, 2006",Moderate,PHP,"10,000","10,000","10,000","30 calendar 
			            days",11:00 AM,T+1 Day,0.75% p.a.,".50% of income earned, if any",1-3 Year Total Return Index to Bloomberg Philippine Sovereign Bond Index 1 to 3 Year (Adjusted),"May 5, 2017",1.377972
Philippine National Bank,PNB EQUITY FUND (formerly AUP EQUITIES FUND),Equity Funds,"Feb 26, 2007",Aggressive,PHP,"10,000","10,000","10,000","30 calendar 
			            days",11:00 AM,T+3 Days,2.00% p.a of NAV,".5% of income earned, if any",PSE INDEX,"May 5, 2017",1.529375
Philippine National Bank,PNB INSTITUTIONAL MONEY MARKET FUND,Money - Market Funds,"Feb 14, 2014",Conservative,PHP,"500,000,000","10,000,000","500,000,000","30 calendar 
			            days",11:00 AM,T + 1,0.125% p.a. of Fund Value,50% of Income Earned,"Philippines 30-day Special Savings Rate General Average, net of taxes","May 5, 2017",1.052065
Philippine Savings Bank,PSBANK MONEY MARKET FUND,Money - Market Funds,"Jan 2, 2014",Moderate,PHP,"10,000","5,000","10,000","30 calendar 
			            days",01:30 PM,T+1,0.50% p.a. based on Net Asset Value (NAV),1.00% for 1-15 days and 0.50% for 16-30 days of Redemption proceeds for all subscriptions held for less than thirty (30) days,Philippine 91-day Treasury Bills Rate,"Apr 17, 2018",104.202459
RCBC Savings,RCBC Savings Bank Peso  Money Market UITF,Money - Market Funds,"Apr 25, 2005",Moderate,PHP,"10,000","5,000","5,000","30 calendar 
			            days",12:00 AM,T+1,0.125% per annum,0.125% (1/8 of 1%),Average Time Deposit Rates,"Apr 24, 2017",1.4335
Rizal Commercial Banking Corporation,RIZAL PESO MONEY MARKET,Money - Market Funds,"Mar 28, 2005",Conservative,PHP,"25,000","5,000","25,000","30 calendar 
			            days",11:30 AM,T+1,0.50% based on NAV,0.125% of redemption proceeds,"Philippines 30-day Special Savings Rate General Average, net of tax.","May 4, 2017",1.473777
Rizal Commercial Banking Corporation,RIZAL DOLLAR MONEY MARKET,Money - Market Funds,"Mar 28, 2005",Moderate,USD,"1,000",500,"1,000","30 calendar 
			            days",11:30 AM,T+1,0.50% based on NAV,0.125% of redemption proceeds,Ave. 3 - month LIBOR rate,"May 4, 2017",1.355084
Rizal Commercial Banking Corporation,RIZAL PESO BOND FUND,Long Term Bond Funds,"Mar 28, 2005",Moderate,PHP,"50,000","10,000","50,000","30 calendar 
			            days",11:30 AM,T+1,0.50% based on NAV,0.125% of redemption proceeds,HSBC Local Bond Index (HSLI) - Overall Index,"May 4, 2017",1.787519
Rizal Commercial Banking Corporation,RIZAL DOLLAR  BOND FUND,Long Term Bond Funds,"Mar 28, 2005",Moderate,USD,"1,000","1,000","1,000","30 calendar 
			            days",11:30 AM,T+3,1% based on NAV,0.125% of redemption proceeds,Composite: 50% HSLI Asian Dollar Bond Index (ADBI) + 50% 1-Year LIBOR,"May 4, 2017",1.645904
Rizal Commercial Banking Corporation,RIZAL EQUITY FUND,Equity Funds,"Mar 28, 2005",Aggressive,PHP,"25,000","5,000","25,000","30 calendar 
			            days",11:30 AM,T+3,1% based on NAV,0.25% of redemption proceeds,Composite: PSEi (100%),"May 4, 2017",3.725262
Rizal Commercial Banking Corporation,RIZAL BALANCED FUND,Balanced Funds,"Jun 19, 2009",Moderate,PHP,"25,000","5,000","25,000","30 calendar 
			            days",11:30 AM,T+3,1% based on NAV,0.25% of redemption proceeds,Composite: PSEi (60%) + HSLI - Overall Index (40%),"May 4, 2017",1.971664
Rizal Commercial Banking Corporation,RIZAL PESO CASH MANAGEMENT FUND,Money - Market Funds,"Nov 24, 2014",Conservative,PHP,"5,000,000","1,000,000","5,000,000","14 calendar 
			            days",11:30 AM,T+1,0.25% based on NAV,0.125% of redemption proceeds,"Philippines 30-Day Special Savings Rate, net of 20% final withholding tax","May 4, 2017",1.042146
Rizal Commercial Banking Corporation,RIZAL GLOBAL EQUITY FEEDER FUND,Equity Funds,"Dec 10, 2014",Aggressive,USD,"1,000","1,000","1,000","30 calendar 
			            days",11:30 AM,T+7,0.75% p.a,0.25% of redemption proceeds,MSCI World (Net) Index + Ave. 6-month LIBOR rate,"May 4, 2017",1.149135
Robinsons Bank,RBank Balanced Fund,Balanced Funds,"Mar 28, 2008",Moderate,PHP,"50,000","10,000","50,000","90 calendar 
			            days",11:00 AM,T+1 day,1.50% p.a.,1/2% of redemption amount or P500.00 whichever is higher,50% Phisix index & 50% 91 day TBill rate net of tax,"May 4, 2017",138.995226
Robinsons Bank,RBank Peso Money Market Fund,Money - Market Funds,"Apr 10, 2014",Moderate,PHP,"100,000","10,000","100,000","14 calendar 
			            days",11:00 AM,T+1 day,0.25% per annum,1-3 days 100% of interest earned ; 4 < 14 days 50% of interest earned,"Average 91 day TBill rate, net of tax","May 4, 2017",104.84108
Robinsons Bank,RBank Tax-Exempt Retirement Fund                  (A Balanced UITF),Balanced Funds,"Oct 7, 2016",Moderate,PHP,"1,000,000","1,000","1,000,000","0 calendar 
			            days",12:00 PM,T+1 day,0.15% p.a.,N/A,PDST R2 + 100 bps p.a.,"May 4, 2017",100.167533
Security Bank Corporation,SB PESO BOND FUND,Long Term Bond Funds,"Jul 1, 2005",Moderate,PHP,"10,000","5,000","10,000","0 calendar 
			            days",01:30 PM,T+2,1.00% p.a.,N/A,90% HSBC Local Currency Government Bond Total Return Index1 + 10% O/N Special Savings Account Rate (net of withholding tax),"May 4, 2017",1.65239
Security Bank Corporation,SB DOLLAR BOND FUND,Long Term Bond Funds,"Jul 1, 2005",Moderate,USD,"1,000",100,"1,000","0 calendar 
			            days",01:30 PM,T + 4,0.75% p.a.,N/A,90% JP Morgan Asia Credit Total Return Index Philippines + 10% O/N USD Time Deposit,"May 4, 2017",1.23991
Security Bank Corporation,SB PESO MONEY MARKET FUND,Money - Market Funds,"Oct 9, 2006",Conservative,PHP,"10,000","5,000","10,000","0 calendar 
			            days",01:30 PM,T+1,0.20% p.a.,N/A,90% HSBC Money Market Total Return Index + 10% O/N Special Savings Account (net of withholding tax),"May 4, 2017",1.288005
Security Bank Corporation,SB PESO ASSET VARIETY FUND,Balanced Funds,"Oct 9, 2006",Aggressive,PHP,"10,000","5,000","10,000","0 calendar 
			            days",01:30 PM,T + 4,1.5% p.a.,N/A,50% Philippine Stock Exchange Index + 40% HSBC Local Currency Government Bond Total Return Index1 + 10% O/N Special Savings Account (net of withholding tax),"May 4, 2017",2.033419
Security Bank Corporation,SB PESO EQUITY FUND,Equity Funds,"Feb 1, 2010",Aggressive,PHP,"10,000","5,000","10,000","0 calendar 
			            days",01:30 PM,T + 4,1.50% p.a.,N/A,90% Philippine Stock Exchange Index (price only return) + 10% O/N Special Savings Account (net of withholding tax),"May 4, 2017",2.139532
Security Bank Corporation,SB HIGH DIVIDEND PESO EQUITY FUND,Equity Funds,"Mar 10, 2014",Aggressive,PHP,"10,000","5,000","10,000","0 calendar 
			            days",01:30 PM,T + 4,1.50% p.a.,N/A,90% Philippine Stock Exchange Index (price only return) + 10% O/N Special Savings Account (net of withholding tax),"May 4, 2017",1.144204
Security Bank Corporation,SB INTERMEDIATE TERM PESO BOND FUND,Intermediate Term Bond Funds,"Apr 10, 2014",Moderate,PHP,"10,000","5,000","10,000","0 calendar 
			            days",01:30 PM,T + 2,0.70% p.a.,N/A,"90% HSBC Local Currency Bond 1-3Yr Return (Phils) Index (HP13TR), 10% O/N SSA","May 4, 2017",1.061223
Security Bank Corporation,SB PHILIPPINE EQUITY INDEX FUND,Equity Funds,"Nov 23, 2015",Aggressive,PHP,"10,000","5,000","10,000","0 calendar 
			            days",01:30 PM,T+4,1.00% p.a.,N/A,Philippine Stock Exchange Index,"May 4, 2017",1.094507
Sterling Bank of Asia,Sterling Money Market Fund,Money - Market Funds,"Apr 7, 2009",Moderate,PHP,"10,000","5,000","10,000","30 calendar 
			            days",11:30 AM,T + 1,1.00% p.a.,0.50% of the net proceeds,The Fund aims to achieve a rate of return based on the prevailing PDST-R2 rate plus 0.25% to 1%.,"May 5, 2017",1.13568
Sterling Bank of Asia,Sterling Balanced Fund,Balanced Funds,"May 20, 2013",Aggressive,PHP,"10,000","5,000","10,000","30 calendar 
			            days",11:30 AM,T + 3,1.25% p.a.,0.50% of the net proceeds,The Fund aims to achieve a rate of return based on the prevailing PDST-R2 rate plus 0.25% to 1% on the three year tenors and on the moving average of the Philippine Stock Exchanges PHISIX.,"May 5, 2017",98.97759
Union Bank,UnionBank Large Capitalization Philippine Equity Portfolio,Equity Funds,"Mar 1, 2005",Aggressive,PHP,"100,000",0,0,"90 calendar 
			            days",02:30 PM,T + 4,2% per annum; 0.63% for the quarter,0.25% or Php 500 whichever is higher,Philippine Stock Index (PSEi),"May 4, 2017",615.557167
Union Bank,UnionBank Peso Balanced Portfolio,Balanced Funds,"Feb 15, 2011",Moderate,PHP,"100,000",0,0,"90 calendar 
			            days",02:30 PM,T+1,"2% per annum on equity holdings, 1% per annum on fixed income holdings, 0.25% per annum of pooled funds; 0.53% for the quarter",0.25% or Php 500 whichever is higher,50% - Philippine Stock Index (PSEi) and 50% -  HongKong Shanghai Banking Corporation 1-5Year Bond Index,"May 4, 2017",128.975746
Union Bank,UnionBank Dollar Bond Portfolio,Medium Term Bond Funds,"Jan 12, 2004",Moderate,USD,"2,000",0,0,"90 calendar 
			            days",02:30 PM,T+1,0.75% per annum; 0.24% for the quarter,0.25% or Usd 10 whichever is higher,HongKong Shanghai Banking Corporation USD Bond Index,"May 4, 2017",2.108474
Union Bank,UnionBank Philippine Peso Fixed Income Portfolio,Medium Term Bond Funds,"Jan 12, 2004",Moderate,PHP,"100,000",0,0,"90 calendar 
			            days",02:30 PM,T+1,1% per annum; 0.33% for the quarter,0.25% or Php 500 whichever is higher,HongKong Shanghai Banking Corporation 1-5Year Bond Index,"May 4, 2017",250.810035
Union Bank,UnionBank Tax Exempt Portfolio,Long Term Bond Funds,"Oct 1, 2007",Moderate,PHP,"100,000",0,0,"90 calendar 
			            days",02:30 PM,T+1,0.25% per annum;  0.064% for the quarter,None,HongKong Shanghai Banking Corporation 1-5Year Bond Index,"May 4, 2017",182.876187
Union Bank,UnionBank Long Term Fixed Income Portfolio,Long Term Bond Funds,"Jun 1, 2005",Moderate,PHP,"100,000",0,0,"90 calendar 
			            days",02:30 PM,T+1,1% per annum; 0.33% for the quarter,2% or Php 500 whichever is higher,HongKong Shanghai Banking Corporation 1-5Year Bond Index,"May 4, 2017",132.456567
Union Bank,UnionBank Medium Term Fixed Income Portfolio,Intermediate Term Bond Funds,"Jan 1, 2005",Moderate,PHP,"100,000",0,0,"90 calendar 
			            days",02:30 PM,T+1,0.75% per annum; 0.25% for the quarter,0.25% or Php 500 whichever is higher,HongKong Shanghai Banking Corporation 1-3Year Bond Index,"May 4, 2017",156.186927
Union Bank,UnionBank Infinity Prime Fund,Intermediate Term Bond Funds,"Sep 29, 2006",Conservative,PHP,"100,000",0,0,"90 calendar 
			            days",02:30 PM,T+1,2% per annum; 0.51% for the quarter,5% flat on redeemed amount,HongKong Shanghai Banking Corporation 1-3Year Bond Index,"May 4, 2017",153.938811
Union Bank,UnionBank Peso Short Term Fixed Income Portfolio,Money - Market Funds,"Feb 8, 2006",Conservative,PHP,0,0,0,"90 calendar 
			            days",02:30 PM,T+1,1% per annum; 0.34% for the quarter,Not applicable; Service Fee of Php100 per withdrawal,HongKong Shanghai Banking Corporation Money Market Total Return Index,"May 4, 2017",133.947059
Union Bank,UnionBank Dividend Play Equity Portfolio,Equity Funds,"Mar 7, 2014",Aggressive,PHP,"100,000",0,0,"30 calendar 
			            days",02:30 PM,T +3,2% per annum,0.25% or Php 500 whichever is higher,Philippine Stock Index (PSEi),"May 4, 2017",104.421517
Union Bank,UnionBank Philippine Equity Index Tracker Fund Portfolio,Equity Funds,"May 22, 2014",Aggressive,PHP,"50,000",0,0,"30 calendar 
			            days",02:30 PM,T + 3 Days,The Trustee shall collect from the Fund trust fees in the amount of ONE PERCENT (1.00%) per annum based on the total market value of the Fund before trust fees.,An early redemption fee amounting to 0.25% of the redeemed amount or Php 500.00 whichever is higher shall be charged to the concerned Participant in case of redemption prior to the completion or lapse of the minimum holding period.,"The Fund aims to provide returns that mimic or track the
performance of the Philippine Stock exchange Index (PSEi).","May 4, 2017",112.231564
Union Bank,UnionBank Dividend Play Equity Fund,Equity Funds,"May 7, 2014",Aggressive,PHP,"100,000",0,0,"30 calendar 
			            days",02:30 PM,T + 4 Days,The Trustee shall collect from the Fund trust fees in the amount of TWO PERCENT (2.00%) per annum based on the total market value of the Fund.,An early redemption fee amounting to 0.25% of the redeemed amount or Php 500.00 whichever is higher shall be charged to the concerned Participant in case of redemption prior to the completion or lapse of the minimum holding period.,The Fund aims to provide absolute returns in excess of the return in the Philippine Stock Exchange Index,"Jun 30, 2016",0.0
Union Bank,UnionBank High Net Worth Medium-Term Peso Fixed Income Fund,Medium Term Bond Funds,"Jul 1, 2016",Moderate,PHP,"10,000,000",0,0,"0 calendar 
			            days",02:30 PM,T+1,0.125% per annum based on the total market value of the Fund,0,"Bloomberg Philippine Sovereign Bond Index 1-5 Years, Adjusted","May 4, 2017",97.386197
Union Bank,UnionBank High Net Worth Intermediate-Term Peso Fixed Income Fund,Intermediate Term Bond Funds,"Jul 1, 2016",Moderate,PHP,"10,000,000",0,0,"0 calendar 
			            days",02:30 PM,T+1,0.125% per annum based on the total market value of the Fund,0,"Bloomberg Philippine Sovereign Bond Index 1-3 Years, Adjusted","May 4, 2017",98.464371
United Coconut Planters Bank,UCPB Peso Bond Fund (Formerly United Conservative Fund),Long Term Bond Funds,"May 27, 2005",Moderate,PHP,"10,000","5,000","10,000","30 calendar 
			            days",01:30 PM,T+1,1.00%,5%,Bloomberg Philippine Local Sovereign Index,"May 7, 2017",1.928273327
United Coconut Planters Bank,UCPB US$ Money Market Fund (Formerly United US$ Money Market Fund),Money - Market Funds,"Sep 15, 2005",Conservative,USD,"1,000",500,"1,000","30 calendar 
			            days",01:30 PM,T+3,0.25%,5%,3 Mo. USD London Interbank Offer Rates,"May 7, 2017",1.315214472
United Coconut Planters Bank,UCPB Cash Management Fund (Formerly United Cash Management Fund),Money - Market Funds,"Nov 17, 2006",Conservative,PHP,"10,000","5,000","10,000","30 calendar 
			            days",01:30 PM,T+1,0.25%,5%,None,"May 7, 2017",1.28272036
United Coconut Planters Bank,UCPB Equity Fund (Formerly United Equity Fund),Equity Funds,"Jan 15, 2007",Aggressive,PHP,"10,000","5,000","10,000","30 calendar 
			            days",01:30 PM,T+3,1.75%,5%,Phil. Stock Exchange Index,"May 7, 2017",3.648782539
United Coconut Planters Bank,UCPB Balanced Fund (Formerly United Balanced Fund),Balanced Funds,"Mar 5, 2007",Aggressive,PHP,"10,000","5,000","10,000","30 calendar 
			            days",01:30 PM,T+3,1.75%,5%,Blended Benchmark ï¿½ 50% Phil. Stock Exchange Index & 50% Bloomberg Philippine Local Sovereign Index,"May 7, 2017",2.547898532
United Coconut Planters Bank,UCPB High Dividend Fund,Equity Funds,"Apr 8, 2014",Aggressive,PHP,"10,000","5,000","10,000","30 calendar 
			            days",01:30 PM,T+3,1.5%,5%,Phil Stock Exchange,"May 7, 2017",1.077515574
United Coconut Planters Bank,UCPB Philippine Index Equity Fund,Equity Funds,"Sep 30, 2015",Aggressive,PHP,"10,000","5,000","10,000","30 calendar 
			            days",01:30 PM,T+3,0.75%,5%,Philippine Stock Exchange Index,"May 7, 2017",1.1036694
United Coconut Planters Bank,UCPB US$ Bond Fund,Medium Term Bond Funds,"Dec 8, 2015",Moderate,USD,"1,000",500,"1,000","60 calendar 
			            days",01:30 PM,T + 3,.75%,5%,J. P. Morgan,"May 7, 2017",1.002353396
